username,password
lloydjamie@hotmail.com,65837832
micheal36@hotmail.com,81715909
millsbarbara@gmail.com,42235057
tammybrown@hotmail.com,46404091
chaseallen@hotmail.com,65911860
michellefox@yahoo.com,24185790
tonythompson@yahoo.com,78650572
littlekevin@yahoo.com,49092196
keithsanchez@gmail.com,91269812
grahamcorey@hotmail.com,36184927
kscott@yahoo.com,82687519
michellecarlson@hotmail.com,52958939
jimmylogan@yahoo.com,60306302
stephanie01@gmail.com,23838307
john89@gmail.com,42054450
gravesjonathan@yahoo.com,86334518
lamjeffrey@hotmail.com,16940369
grantbelinda@hotmail.com,74050321
tdennis@hotmail.com,90430848
jean24@gmail.com,22804037
james84@gmail.com,94032116
jasmine02@yahoo.com,18754421
joshua71@gmail.com,06586959
hernandezdennis@yahoo.com,84572110
loriglover@gmail.com,80247760
umartinez@gmail.com,04020165
obailey@yahoo.com,06192020
toni77@hotmail.com,28639817
hermanpatrick@yahoo.com,62589314
deanronald@hotmail.com,59516712
bennettjoseph@gmail.com,37210366
hsmith@hotmail.com,24352505
laura52@hotmail.com,34895719
zacharybeasley@gmail.com,08378941
kvasquez@gmail.com,94717969
vargassuzanne@gmail.com,79204903
nrubio@yahoo.com,01219043
louislin@gmail.com,76592287
chad58@gmail.com,85877245
harriscolton@gmail.com,54878730
jacobdunlap@gmail.com,82684051
dzimmerman@yahoo.com,31328661
obrown@hotmail.com,47918931
charlesdavis@gmail.com,94556292
leejames@yahoo.com,35396024
evanalexander@gmail.com,14177996
angeljacobs@yahoo.com,16049857
thomasclark@yahoo.com,07604805
gwilliams@gmail.com,60141149
veronicapaul@hotmail.com,28921134
butlerrobert@yahoo.com,53941275
vicki28@yahoo.com,76084485
tclark@gmail.com,35279976
jonathanibarra@yahoo.com,43168194
lharper@yahoo.com,16900721
twood@gmail.com,47911918
travismoody@yahoo.com,38981074
annesmith@hotmail.com,75022877
billyhoward@hotmail.com,95096780
williamssabrina@hotmail.com,50654932
vegaamy@yahoo.com,63684070
yrodriguez@gmail.com,25326956
njones@hotmail.com,14937293
laura92@yahoo.com,98887187
juanclark@gmail.com,54437005
javier62@yahoo.com,38608919
carrollamy@yahoo.com,13152079
bowmancourtney@yahoo.com,05189502
gonzalezjoe@gmail.com,83248788
rhughes@yahoo.com,03109793
cynthia63@gmail.com,21455926
aavila@gmail.com,94122305
dean78@yahoo.com,83991769
colemanjared@yahoo.com,28508632
seth72@hotmail.com,40082387
fuentesalice@hotmail.com,90298103
mreynolds@hotmail.com,50538133
fanderson@yahoo.com,48841504
frenchsarah@yahoo.com,30189331
martineztina@hotmail.com,08876744
samantha39@gmail.com,35249252
pestrada@hotmail.com,07878084
qbarr@hotmail.com,65732915
rogerskathryn@yahoo.com,66767541
thomasday@gmail.com,57315171
albertwilliams@hotmail.com,35735526
lferguson@hotmail.com,29901418
wolfesarah@yahoo.com,71415147
leeamanda@gmail.com,91448781
bgibson@yahoo.com,46472397
lpratt@gmail.com,59079156
johnnysimpson@hotmail.com,65605752
rushtimothy@yahoo.com,31436779
creid@hotmail.com,02075143
grose@yahoo.com,68871659
stevesmith@yahoo.com,91243171
dwarner@hotmail.com,41009055
smithlisa@gmail.com,29463756
gregorymathis@gmail.com,70187113
ejackson@gmail.com,58015087
